seed,max_neurons,layers,lr,epoch,n_samples,data_fraction,Jou_score,Jou_mse,Jou_rmse,Jou_mape
1,390,2,0.01,100,2378,0.1,0.9974271059036255,0.002616310026496649,0.05114987806922563,0.22884218394756317
2,390,2,0.01,100,2378,0.1,0.9967602491378784,0.0032944208942353725,0.05739704604102351,0.3644328713417053
3,390,2,0.01,100,2378,0.1,0.998008668422699,0.002024921355769038,0.044999126166727264,0.19998493790626526
4,390,2,0.01,100,2378,0.1,0.9979873895645142,0.002046549692749977,0.04523880737541582,0.22087447345256805
5,390,2,0.01,100,2378,0.1,0.997970700263977,0.0020635342225432396,0.045426140299867426,0.2383314073085785
6,390,2,0.01,100,2378,0.1,0.9979479312896729,0.002086668275296688,0.04568006430924423,0.2628909945487976
7,390,2,0.01,100,2378,0.1,0.9973088502883911,0.002736574038863182,0.05231227426582773,0.2547191381454468
8,390,2,0.01,100,2378,0.1,0.9978275895118713,0.002209088997915387,0.047000946776797885,0.264396071434021
9,390,2,0.01,100,2378,0.1,0.9982826709747314,0.0017462827963754535,0.04178854862729087,0.3041444718837738
10,390,2,0.01,100,2378,0.1,0.9979671835899353,0.002067086286842823,0.045465220628990936,0.24887600541114807
11,390,2,0.01,100,2378,0.1,0.9970465898513794,0.0030032237991690636,0.05480167697405859,0.27869272232055664
12,390,2,0.01,100,2378,0.1,0.9961065053939819,0.003959191031754017,0.06292210288725272,0.28763547539711
13,390,2,0.01,100,2378,0.1,0.9981658458709717,0.001865091035142541,0.04318669974821578,0.16168485581874847
14,390,2,0.01,100,2378,0.1,0.9980513453483582,0.0019815433770418167,0.04451452995418256,0.22790434956550598
15,390,2,0.01,100,2378,0.1,0.9959481358528137,0.004120223689824343,0.06418896859916307,0.3072064220905304
16,390,2,0.01,100,2378,0.1,0.9973403811454773,0.002704471116885543,0.05200452977275675,0.29978787899017334
17,390,2,0.01,100,2378,0.1,0.9976212382316589,0.002418869873508811,0.04918200761974658,0.2455659657716751
18,390,2,0.01,100,2378,0.1,0.9977914690971375,0.0022457970771938562,0.047389841497876485,0.28620341420173645
19,390,2,0.01,100,2378,0.1,0.9980896711349487,0.0019425321370363235,0.04407416632264669,0.17671863734722137
20,390,2,0.01,100,2378,0.1,0.9982319474220276,0.0017979030963033438,0.04240168742282958,0.149706169962883
21,390,2,0.01,100,2378,0.1,0.997843861579895,0.002192534040659666,0.04682450256713536,0.3104654550552368
22,390,2,0.01,100,2378,0.1,0.9969711303710938,0.003079973394051194,0.055497507998568674,0.3253145217895508
23,390,2,0.01,100,2378,0.1,0.9980742335319519,0.0019582791719585657,0.04425244820299286,0.1554143726825714
24,390,2,0.01,100,2378,0.1,0.9962784647941589,0.003784325672313571,0.061516873070025034,0.34802690148353577
25,390,2,0.01,100,2378,0.1,0.9970251321792603,0.003025033976882696,0.05500030887988445,0.3194187879562378
26,390,2,0.01,100,2378,0.1,0.9982319474220276,0.0017978968098759651,0.042401613293316626,0.21382591128349304
27,390,2,0.01,100,2378,0.1,0.9973568320274353,0.0026877333875745535,0.05184335432410362,0.2955828905105591
28,390,2,0.01,100,2378,0.1,0.9982919692993164,0.0017368609551340342,0.04167566382355576,0.251321941614151
29,390,2,0.01,100,2378,0.1,0.9984928369522095,0.0015326070133596659,0.0391485250470521,0.23478518426418304
30,390,2,0.01,100,2378,0.1,0.9984419345855713,0.001584365963935852,0.03980409481367278,0.18289493024349213
1,390,2,0.01,100,5945,0.25,0.9970269799232483,0.0030231671407818794,0.054983335118760114,0.15979444980621338
2,390,2,0.01,100,5945,0.25,0.9983237385749817,0.0017045465065166354,0.04128615393224023,0.17162655293941498
3,390,2,0.01,100,5945,0.25,0.9987770915031433,0.001243534148670733,0.03526377955736924,0.17041510343551636
4,390,2,0.01,100,5945,0.25,0.998797595500946,0.0012226642575114965,0.034966616329171696,0.27394863963127136
5,390,2,0.01,100,5945,0.25,0.998881459236145,0.0011373995803296566,0.03372535515498179,0.14485326409339905
6,390,2,0.01,100,5945,0.25,0.9991204142570496,0.0008944310829974711,0.029907040692744427,0.24922630190849304
7,390,2,0.01,100,5945,0.25,0.9991499781608582,0.0008643885375931859,0.02940048532921159,0.15460683405399323
8,390,2,0.01,100,5945,0.25,0.9984844326972961,0.0015411402564495802,0.039257359264850966,0.3223843276500702
9,390,2,0.01,100,5945,0.25,0.999177873134613,0.0008359834901057184,0.02891337908487554,0.1323794722557068
10,390,2,0.01,100,5945,0.25,0.99847811460495,0.0015475559048354626,0.03933898708451277,0.21829231083393097
11,390,2,0.01,100,5945,0.25,0.999234139919281,0.0007787922513671219,0.027906849542130727,0.12177792936563492
12,390,2,0.01,100,5945,0.25,0.9989155530929565,0.0011027349391952157,0.033207453066973015,0.12501350045204163
13,390,2,0.01,100,5945,0.25,0.9984977841377258,0.0015275570331141353,0.039083974121295995,0.19093474745750427
14,390,2,0.01,100,5945,0.25,0.9977840185165405,0.0022533752489835024,0.047469729817890285,0.15536396205425262
15,390,2,0.01,100,5945,0.25,0.9989587664604187,0.0010588080622255802,0.03253933100457937,0.25273704528808594
16,390,2,0.01,100,5945,0.25,0.9988666772842407,0.001152458251453936,0.03394787550722336,0.17197738587856293
17,390,2,0.01,100,5945,0.25,0.9987714886665344,0.0012492570094764233,0.03534483002472106,0.14966456592082977
18,390,2,0.01,100,5945,0.25,0.993462085723877,0.006648220121860504,0.08153661828810724,0.39794185757637024
19,390,2,0.01,100,5945,0.25,0.9991288185119629,0.0008858894580043852,0.029763895208866485,0.1439167559146881
20,390,2,0.01,100,5945,0.25,0.9984050393104553,0.001621877308934927,0.040272537900347516,0.1643766462802887
21,390,2,0.01,100,5945,0.25,0.9986848831176758,0.0013373303227126598,0.03656952724212688,0.12178990244865417
22,390,2,0.01,100,5945,0.25,0.9986633062362671,0.0013592728646472096,0.03686831789826069,0.15839728713035583
23,390,2,0.01,100,5945,0.25,0.9990327954292297,0.000983519828878343,0.03136111970064754,0.21600715816020966
24,390,2,0.01,100,5945,0.25,0.9981853365898132,0.00184529647231102,0.04295691413859962,0.19712533056735992
25,390,2,0.01,100,5945,0.25,0.9990091323852539,0.0010075888130813837,0.03174253948696266,0.1261710226535797
26,390,2,0.01,100,5945,0.25,0.9991077780723572,0.0009072677348740399,0.030120885360062705,0.1923082023859024
27,390,2,0.01,100,5945,0.25,0.998835027217865,0.001184652210213244,0.03441877700054498,0.20206961035728455
28,390,2,0.01,100,5945,0.25,0.9989500045776367,0.0010676922975108027,0.03267556116596627,0.14377069473266602
29,390,2,0.01,100,5945,0.25,0.998626708984375,0.0013964328682050109,0.03736887566150487,0.18351896107196808
30,390,2,0.01,100,5945,0.25,0.9967572689056396,0.0032974176574498415,0.057423145659654014,0.23309044539928436
1,390,2,0.01,100,11891,0.5,0.9996188879013062,0.0003875459951814264,0.019686187929140227,0.11596004664897919
2,390,2,0.01,100,11891,0.5,0.997963547706604,0.002070807619020343,0.04550612726897712,0.23965929448604584
3,390,2,0.01,100,11891,0.5,0.9991862773895264,0.0008274252759292722,0.028765000885264583,0.16273938119411469
4,390,2,0.01,100,11891,0.5,0.997502326965332,0.0025398386642336845,0.050396812044351424,0.21144844591617584
5,390,2,0.01,100,11891,0.5,0.998225212097168,0.0018047213088721037,0.042482011591638454,0.2786601781845093
6,390,2,0.01,100,11891,0.5,0.9994380474090576,0.0005714030121453106,0.02390403756994434,0.10976709425449371
7,390,2,0.01,100,11891,0.5,0.9978605508804321,0.002175569301471114,0.04664299841853131,0.21320047974586487
8,390,2,0.01,100,11891,0.5,0.9985714554786682,0.0014526302693411708,0.03811338700956884,0.20592907071113586
9,390,2,0.01,100,11891,0.5,0.9995169639587402,0.0004911795258522034,0.022162570380084602,0.0949968472123146
10,390,2,0.01,100,11891,0.5,0.9993298649787903,0.0006814485532231629,0.026104569585096837,0.10950833559036255
11,390,2,0.01,100,11891,0.5,0.9985795021057129,0.0014444730477407575,0.03800622380269786,0.14203064143657684
12,390,2,0.01,100,11891,0.5,0.9994457960128784,0.0005635704146698117,0.023739638048416233,0.11404108256101608
13,390,2,0.01,100,11891,0.5,0.9995128512382507,0.0004953945172019303,0.022257459810183424,0.127468079328537
14,390,2,0.01,100,11891,0.5,0.9990602731704712,0.0009556042496114969,0.030912849263882113,0.0916924774646759
15,390,2,0.01,100,11891,0.5,0.9989630579948425,0.001054440508596599,0.03247214973783841,0.12582199275493622
16,390,2,0.01,100,11891,0.5,0.9990999102592468,0.0009152868296951056,0.03025370770162073,0.1813877522945404
17,390,2,0.01,100,11891,0.5,0.9990715980529785,0.0009440667927265167,0.030725669931288994,0.1178455799818039
18,390,2,0.01,100,11891,0.5,0.9990954995155334,0.0009197802864946425,0.030327879690058165,0.1623157113790512
19,390,2,0.01,100,11891,0.5,0.9984766244888306,0.0015490942168980837,0.039358534232083436,0.20161126554012299
20,390,2,0.01,100,11891,0.5,0.9980661869049072,0.001966418232768774,0.044344314548415045,0.17895004153251648
21,390,2,0.01,100,11891,0.5,0.999434769153595,0.0005747420364059508,0.023973778100373558,0.1739293485879898
22,390,2,0.01,100,11891,0.5,0.9991009831428528,0.0009141681948676705,0.030235214483573133,0.11487042158842087
23,390,2,0.01,100,11891,0.5,0.9991950392723083,0.0008185586775653064,0.028610464476574064,0.14537657797336578
24,390,2,0.01,100,11891,0.5,0.9989338517189026,0.0010841398034244776,0.032926278311167775,0.14459745585918427
25,390,2,0.01,100,11891,0.5,0.9992392659187317,0.0007735872641205788,0.027813436754931576,0.12258341163396835
26,390,2,0.01,100,11891,0.5,0.9981545209884644,0.0018765829736366868,0.043319544938014834,0.22889693081378937
27,390,2,0.01,100,11891,0.5,0.998457670211792,0.001568333711475134,0.039602193265968665,0.20020641386508942
28,390,2,0.01,100,11891,0.5,0.9992783665657043,0.0007338009309023619,0.027088760231918363,0.1678498238325119
29,390,2,0.01,100,11891,0.5,0.9986887574195862,0.0013333552051335573,0.036515136657741774,0.255188912153244
30,390,2,0.01,100,11891,0.5,0.999280571937561,0.0007315668626688421,0.02704749272425897,0.13291113078594208
1,390,2,0.01,100,23783,1.0,0.9988851547241211,0.0011336480965837836,0.03366969106754298,0.10523008555173874
2,390,2,0.01,100,23783,1.0,0.9995511174201965,0.0004564313276205212,0.02136425350019329,0.14002671837806702
3,390,2,0.01,100,23783,1.0,0.9994970560073853,0.0005114275263622403,0.022614763460231908,0.09196759760379791
4,390,2,0.01,100,23783,1.0,0.9995786547660828,0.00042844165000133216,0.020698832092689003,0.11420059949159622
5,390,2,0.01,100,23783,1.0,0.999526858329773,0.0004811490944121033,0.021935110996119972,0.1391402631998062
6,390,2,0.01,100,23783,1.0,0.9994096755981445,0.0006003042799420655,0.024501107728877595,0.08437991142272949
7,390,2,0.01,100,23783,1.0,0.999222993850708,0.0007901199860498309,0.0281090730201092,0.13066062331199646
8,390,2,0.01,100,23783,1.0,0.9994337558746338,0.0005758206825703382,0.02399626392941906,0.08274288475513458
9,390,2,0.01,100,23783,1.0,0.9992181062698364,0.0007950755534693599,0.028197084130621733,0.1445370763540268
10,390,2,0.01,100,23783,1.0,0.999561071395874,0.0004463198420125991,0.021126283203928682,0.18257282674312592
11,390,2,0.01,100,23783,1.0,0.9995208382606506,0.0004872577846981585,0.022073916387858283,0.10951372981071472
12,390,2,0.01,100,23783,1.0,0.9996605515480042,0.0003451974189374596,0.018579489200122257,0.1440156102180481
13,390,2,0.01,100,23783,1.0,0.999295711517334,0.0007161865942180157,0.02676166277005253,0.1283629834651947
14,390,2,0.01,100,23783,1.0,0.9994872808456421,0.0005213539698161185,0.022833176954075367,0.19058428704738617
15,390,2,0.01,100,23783,1.0,0.9995261430740356,0.00048182380851358175,0.021950485382186465,0.10549391061067581
16,390,2,0.01,100,23783,1.0,0.9996689558029175,0.00033664132934063673,0.018347788132105643,0.11322162300348282
17,390,2,0.01,100,23783,1.0,0.9996306896209717,0.0003755536745302379,0.01937920727300882,0.10044433176517487
18,390,2,0.01,100,23783,1.0,0.997886598110199,0.002149084582924843,0.04635822023034149,0.19395793974399567
19,390,2,0.01,100,23783,1.0,0.9996100068092346,0.0003965479845646769,0.019913512612411626,0.10647901892662048
20,390,2,0.01,100,23783,1.0,0.9994534254074097,0.0005557789700105786,0.02357496489945592,0.13730773329734802
21,390,2,0.01,100,23783,1.0,0.9991868734359741,0.0008268407545983791,0.02875483880320631,0.16053761541843414
22,390,2,0.01,100,23783,1.0,0.9995056390762329,0.0005027257138863206,0.022421545751493598,0.16910256445407867
23,390,2,0.01,100,23783,1.0,0.9996976256370544,0.0003074684937018901,0.01753477954528913,0.06368360668420792
24,390,2,0.01,100,23783,1.0,0.9997249245643616,0.0002797053020913154,0.016724392428166573,0.08976229280233383
25,390,2,0.01,100,23783,1.0,0.9993770718574524,0.000633458374068141,0.025168598969115087,0.1596647948026657
26,390,2,0.01,100,23783,1.0,0.99957275390625,0.00043442632886581123,0.020842896364608524,0.08151621371507645
27,390,2,0.01,100,23783,1.0,0.999254584312439,0.0007579830125905573,0.02753149128889602,0.12595751881599426
28,390,2,0.01,100,23783,1.0,0.9995351433753967,0.0004727123596239835,0.021741949305984123,0.1326846331357956
29,390,2,0.01,100,23783,1.0,0.9994127750396729,0.0005971260252408683,0.02443616224452744,0.1320626437664032
30,390,2,0.01,100,23783,1.0,0.9997261762619019,0.0002784227253869176,0.01668600387710963,0.09443066269159317
